"['菊花一紧', '19762785947@qq.com']"
"['王二', 'jack@163.com']"
"['Carl', 'carl111@163.com']"
"['Yzq', 'yzq888@163.com']"
"['白天不懂夜的黑', '489762984@qq.com']"
"['阿怡嘿', '5793697@163.com']"
"['浪里白条★睢锔泶襦', 'jack@163.com']"
"['kashen87685728', 'jack@163.com']"
"['繁华似锦8999', 'jack@163.com']"
"['tjmcs', 'jack@163.com']"
"['许m1世繁华', '2333@163.com']"
"['PRICELESS', '2333@163.com']"
"['qqws66588', '2333@163.com']"
"['浩恩', '2333@163.com']"
"['简园壶翁', '2333@163.com']"
"['白前辈222222', '2333@163.com']"
"['Hello马先生', '2333@163.com']"
"['上下衣申', '2333@163.com']"
"['水土不服就服你！', '2333@163.com']"
"['爱浪的人不浪漫', '2333@163.com']"
"['MrServer', '2333@163.com']"
"['pan0111', '2333@163.com']"
"['zhangy0205', '2333@163.com']"
"['后天男孩', '2333@163.com']"
"['moonshine', '2333@163.com']"
"['谜语大全谜语', '2333@163.com']"
"['人文明', '2333@163.com']"
"['我坼X', '2333@163.com']"
"['ghj910622', '2333@163.com']"
"['新仁上斑打牌', '2333@163.com']"
"['惠民', '2333@163.com']"
"['机绣华', '2333@163.com']"
"['燃烧卡路里', '2333@163.com']"
"['宫羽鹤', '2333@163.com']"
"['偷乳师111', '2333@163.com']"
"['响亮的名号555', '2333@163.com']"
"['每天溜达一圈', '2333@163.com']"
"['雨淅沥沥的下', '2333@163.com']"
"['小轩子', '2333@163.com']"
"['撸出神', '2333@163.com']"
"['Mr烂先生', '2333@163.com']"
"['shicaoshuai', '2333@163.com']"
"['Jordan', '2333@163.com']"
"['恼火皮皮虾', '2333@163.com']"
"['栗子橙子', '2333@163.com']"
"['红牛老号', '2333@163.com']"
"['mark96', '2333@163.com']"
"['zihan888', '2333@163.com']"
"['逆势前进', '2333@163.com']"
"['丶h', '2333@163.com']"
"['夜丶sir', '2333@163.com']"
"['轻狂人生', '2333@163.com']"
"['px5900', '2333@163.com']"
"['COC我最棒', '2333@163.com']"
"['丁丁', '2333@163.com']"
"['栗子', '2333@163.com']"
"['橙子', '2333@163.com']"
"['xxnvc', '2333@163.com']"
"['羊毛撸多少有多', '2333@163.com']"
"['米兰剑客', '2333@163.com']"
"['就是一位普通人', '2333@163.com']"
"['秋风016', '2333@163.com']"
"['逍遥子', '']"
"['小白玩信用卡', '2333@163.com']"
"['撸人杰', '2333@163.com']"
"['zjhaze', '2333@163.com']"
"['蓝梦紫缕', '2333@163.com']"
"['已注销该用户', '2333@163.com']"
"['该用户已成仙', '2333@163.com']"
"['o嘻要有坚持', '2333@163.com']"
"['多多传说', '2333@163.com']"
"['lingxinyuren', '2333@163.com']"
"['ATET', '2333@163.com']"
"['ATM1号', '2333@163.com']"
"['唯我独尊', '2333@163.com']"
"['八荒六合我第一', '2333@163.com']"
"['宇宙第一撸少女', '2333@163.com']"
"['宇宙第一美少女', '2333@163.com']"
"['宇宙第一美少女的男朋友', '2333@163.com']"
"['眼见她翩翩起舞', '2333@163.com']"
"['城市猎人007', '2333@163.com']"
"['走位走位轨道看不见', '2333@163.com']"
"['有梦想就努力实现233', '2333@163.com']"
"['柏太郎', '2333@163.com']"
"['依然是路过圆圆', '2333@163.com']"
"['白鸡朝凤', '2333@163.com']"
"['依然法克油', '2333@163.com']"
"['amazonn__520', '2333@163.com']"
"['是蛋蛋呀', '2333@163.com']"
"['撸兵葛二蛋', '2333@163.com']"
"['qiu030108', '2333@163.com']"
"['鸡毛是我家狗', '2333@163.com']"
"['luanwudejuhua', '2333@163.com']"
"['南京李志005', '2333@163.com']"
"['优可优客yoki', '2333@163.com']"
"['早日脱坑', '2333@163.com']"
"['沧海啄鱼', '']"
"['上上上上周', '2333@163.com']"
"['lmzm88', '2333@163.com']"
"['时间啊哦额', '2333@163.com']"
"['劲仔呀', '2333@163.com']"
"['周星星的月光宝盒', '2333@163.com']"
"['代表你消灭月亮23333', '2333@163.com']"
"['eeta', '2333@163.com']"
"['星空下2019', '2333@163.com']"
"['潇香雪海', '2333@163.com']"
"['收废品咯', '2333@163.com']"
"['小轩子', '2333@163.com']"
"['来是come去是go', '2333@163.com']"
"['撸毛大神', '2333@163.com']"
"['千山鸟飞绝', '2333@163.com']"
"['小白薅羊毛', '2333@163.com']"
"['超喜欢养猫来撸', '2333@163.com']"
"['Nxvboy', '2333@163.com']"
"['后生门', '2333@163.com']"
"['小仓老师', '2333@163.com']"
"['鲁小杰', '2333@163.com']"
"['农村你黑哥', '']"
"['jineterenegado', '2333@163.com']"
"['ChickenMan', '2333@163.com']"
"['m咔咔m', '2333@163.com']"
"['半生不成熟', '2333@163.com']"
"['孤雪红梅', '2333@163.com']"
"['什么冬梅', '2333@163.com']"
"['sbkangshuo', '2333@163.com']"
"['LRC661', '2333@163.com']"
"['白龙马表弟', '2333@163.com']"
"['二龙湖浩哥', '2333@163.com']"
"['人在江湖飘啊飘888', '2333@163.com']"
"['Aaron998', '2333@163.com']"
"['faouh', '2333@163.com']"
