周信宝系列,
华夏钱庄,http://ztwpioms.rryouxin.com/register/channel/rfKDEm9lCT33
子弹借款,http://bpejluof.rryouxin.com/register/channel/12
暖心借,https://l464.cn//app.php/Nzc5
天天贷,http://tiantiandai.rryouxin.com/register/channel/11
优易钱包,http://www.gzguoju112.com/register/channel/9
速达借钱,https://xed.267976.com/register/channel/ac506B1BbAg
急钱到,http://jiqiandao.xintengfeiyang.info/register/channel/7
布偶猫,http://xed.8-km.cn/register/channel/ac6e9B1BbBgE
急米花,http://jimihua1.rryouxin.com/register/channel/46
易到花,http://yidaohua.hello686.com/register/channel/36
花易宝,http://huayibao.hello686.com/register/channel/23
桃花宝,http://taohuabao.hello686.com/register/channel/13
淘金花花,https://fir.im/tjhh
必通贷,http://bitongdai.hello686.com/register/channel/7
优惠花,http://youhuihua.hello686.com/register/channel/11
逗逗熊,http://www.ddx2019.com/register/channel/4?from=singlemessage&isappinstalled=0
优易宝,http://youyibao.hello686.com/register/channel/2
开鑫小宝,http://kaixinxiaobao.hello686.com/register/channel/16
极力花,http://jilihua.hello686.com/register/channel/13
贝钱多,http://beiqianduo.rryouxin.com/register/channel/E5uSWLpn+uzGwA==
叮当有钱,http://dd.yanxiajinrong.com/register/channel/36?from=singlemessage&isappinstalled=0
星薪宝,http://www.xingxinshangcheng.cn/register/channel/161
聚鑫钱包系列,
飞鹰贷,http://m.abcde.zongxiangdai.com/signup/py4
百姓钱庄,http://m.abcde.zongxiangdai.cn/signup/py1
聚鑫钱包,http://m.abcde.xhcmylm.vip/signup/xinlang1?from=singlemessage&isappinstalled=0
铜板花系列,
优米贷,http://ymdxzy.pdaq.top/
象分期,http://xfqxzy.pdaq.top:8083/
白马汇系列,
江南米仓,http://www.ffthk.cn/v1/chn/i/a4da6b605d9521c6c8e78bcc30f4214d
今日无忧,http://www.jk825.top/v1/chn/i/dacbb723da587581c27a5aab19346c47
小乔分期,http://xxting.top/v1/chn/i/868469cd6e5468fb0c6d9d9e049cd240
白马汇,http://www.tqjf007.com/v1/chn/i/627f48235c3eb141da9d619c92d64bb7
盼盼钱包系列,
小雨贷,https://download.renchewang.cn/xjd/login.html?channel=zp02
惜惜米,https://download.springsup.cn/login?channel=pingz0526X
万掌柜系列,
记者贷,https://kyb.gokxt.cn/s/d/dMhOee79
白桔子,https://kyb.gokxt.cn/s/d/VKNQzx9L
黄太阳,https://kyb.gokxt.cn/s/d/HurmHez8
咧嘴贷,https://kyb.gokxt.cn/s/d/zVD9tHZG
海象贷,https://kyb.gokxt.cn/s/d/xi7xe6lq
快乐分期,http://klfq.hsxia.cn/register?u=51-1559017903539
点点分期,http://www.wannengjin.com/register?u=51-1557938334069
如意掌柜,http://ryzg.zjwanchuang.com/register?u=51-1558271602816
青春白卡,http://qcbk.hsxia.cn/register?u=51-1558679765283
龙腾贷,http://lt.hsxia.cn/register?u=51-1558494513276
江湖钱包,http://jhqb.hsxia.cn/register?u=51-1558496991778
呗了花,http://blh.zjwanchuang.com/register?u=51-1558665603111
花木兰,http://hml.hsxia.cn/register?u=51-1558496514905
太子钱包,http://tz.zjwanchuang.com/register?u=51-1558236719287
银有分期,http://yyd.hsxia.cn/register?u=51-1558526999803
大富豪,http://dfh.zjwanchuang.com/register?u=51-1558507514883
乔帮主,http://qbz.hsxia.cn/register?u=51-1557848682741
一六分期,http://ylh.hsxia.cn/register?u=51-1557736306911
米袋钱包,http://mdqb.hsxia.cn/register?u=51-1557551761947
财富宝,http://cfb.hsxia.cn/register?u=51-1557649892058
小猪分期,http://xzfq.hsxia.cn/register?u=51-1557482087396
一二三钱包,http://yes.zjwanchuang.com/register?u=51-1557455888464
无忧分期,http://qcwy.hsxia.cn/register?u=76-1556860467229
恒信宝,http://hxb.zjwanchuang.com/register?u=51-1555578375261
蜘蛛侠,http://zzx.zjwanchuang.com/register?u=51-1555244342533
铜鑫贷,http://txd.zjwanchuang.com/register?u=51-1555989910957
锦鲤,http://fqbj.youqhua.cn/register?u=51-1555904833419
钱码头,http://qmt.zjwanchuang.com/register?u=51-1555657432409
钱总管,http://qzg.zjwanchuang.com/register?u=51-1555566260129
优乐美,http://ylm.zjwanchuang.com/register?u=51-1555400387768
哈罗分期,http://qwzj.zjwanchuang.com/register?u=107-1558592724371
秒有钱系列,
钱掌柜,http://app.sansenwangluokeji.com/cr/nfF2B?deviceIdTurn=c-mSG1E9053011033265
财神通,http://app.cai1618.com/cr/pZPeu?deviceIdTurn=c-B3TuI90530110243734
菠菜钱包,http://app.bocaiqianbao.com/cr/u5ewX?deviceIdTurn=c-bi5Ss90530110213546
借钱无悠,http://app.jieqianwuyou66.com/cr/veUHE?deviceIdTurn=c-B1ouv90530110147818
应急花,http://app.yingjih.com/cr/gVBY0?deviceIdTurn=c-VONqp90530110110945
双双贷,http://app.shuangshuang123.com/cr/w2crM?deviceIdTurn=c-XPlDN90530110022833
急速借,http://app.jisujie66.com/cr/dZfJ0?deviceIdTurn=c-OYp689053010591083
飞鱼金融,http://app.feiyujinrong.com/cr/aqWZV?deviceIdTurn=c-cY4Em90530105846840
聚隆钱包,http://app.julongqianbao.com/cr/eg8jF?deviceIdTurn=c-Pc5vm90530105802525
乐花花,http://app.lehuahua444.com/cr/AxNEX?deviceIdTurn=c-UXv2x9053010565559
快乐花,http://app.kuailehua66.com/cr/Z31A6?deviceIdTurn=c-5RwY490529025243369
蜜蜂速贷,http://app.mifengsudai.com/cr/xvdks?deviceIdTurn=c-cIKC390529025400814
口口花,http://app.koukouhua88.com/cr/4Tgkk?deviceIdTurn=c-BfuAj9052902553348
小贷分期,http://app.xiaodaifq.com/cr/WzsTK?deviceIdTurn=c-WUFnu90529025640595
海纳钱包,http://app.hainqb.com/cr/RQe2X?deviceIdTurn=c-yhsdS90529025724351
快钱米,http://app.xinyuanbao999.com/cr/W6DKB?deviceIdTurn=c-gjJtL90529025750561
响钱花,http://app.xiangqianhua66.com/cr/VvNXv?deviceIdTurn=c-B5JNR90529025819844
都好借,http://app.douhaojie66.com/cr/jDv1j?deviceIdTurn=c-ZFKMz90529025853212
财米花,http://app.caimihua.com/cr/BagXt?deviceIdTurn=c-YsjIB90529025921305
金口袋,http://app.jinkoudai666.com/cr/xBReq?deviceIdTurn=c-dAVGz9052902595799
四季花,http://app.sijihua66.com/cr/4tnGY?deviceIdTurn=c-8nKgh90529030031107
及时有钱,http://app.jishiyouqian.com/cr/SnBS8?deviceIdTurn=c-hYS3B90529030100168
挺好借,http://app.weilaixx.com/cr/kYW3p?deviceIdTurn=c-nO4jK90529030127432
一粒米,http://app.yilimi88.com/cr/m1eQW?deviceIdTurn=c-3IuyX9052903020494
小熊快借,http://app.xiaoxiongkj.com/cr/yFbdG?deviceIdTurn=c-cljGS90529030231152
假日花,http://app.jiarihua.com/cr/fmXRC?deviceIdTurn=c-zkWQC9052903030531
想分期,http://app.xiangfenqi88.com/cr/0G0VU?deviceIdTurn=c-2sPlu90529030331389
真享贷,http://app.zhenxd66.com/cr/gJFxU?deviceIdTurn=c-OiyiQ90529030359203
钱巨多,http://qianjuduo.controltree.top/cr/uejzS?deviceIdTurn=c-l74Bw90529030434899
钞易借,http://app.chaoyijie88.com/cr/rsyJh?deviceIdTurn=c-gnqTr90529030507194
坚果花,http://www.nai5678.cn/cr/nXUSB?deviceIdTurn=c-I9CEL90529030537175
想钱花,http://app.xiangqianhua66.com/cr/svpkE?deviceIdTurn=c-B5JNR90529025819844
穗意花,http://app.suiyihua66.com/cr/jtuFX?deviceIdTurn=c-o9Z0c90529030703592
借点花,http://app.jiedianhua88.com/cr/rvezB?deviceIdTurn=c-AATv3905290307479
闪电借,http://shandianjie.testvariable.top/cr/Jz5Qd?deviceIdTurn=c-H3e1W90529030852269
顺心花,http://app.shunxinhua88.com/cr/5VUHZ?deviceIdTurn=c-b70pY90529030926320
小鹿快贷,http://app.xiaolusudai.com/cr/crU0y?deviceIdTurn=c-1IuPF90529030953902
虾米贷,http://app.xiamidai160.com/cr/4xuk9?deviceIdTurn=c-Jd6yV90529031031318
喜力花,http://app.xilihua168.com/cr/UCyQC?deviceIdTurn=c-uL57990529031056733
火星贷,http://app.huoxingdai99.com/cr/BnPGx?deviceIdTurn=c-C4zc290529031202620
急速贷,http://app.jisudai88.com/cr/tUCHC?deviceIdTurn=c-nDEC690529031241413
花花钱包,http://app.huahuaqianbao66.com/cr/vHDAs?deviceIdTurn=c-Zg34m90529031336871
随意贷,http://app.suiyidai88.com/cr/C1XgX?deviceIdTurn=c-FAWNg90529031410950
普惠钱包,http://f2.ikelor.cn/app/view/channel/into.html;jsessionid=6428B5C642565BFC21272F77DCD1D008#/channelRegister?channel=d97a6cf467e041079523ad1e19e0d523&preUrl=http:%2F%2Fwww.cshlm888.com%2Fapp%2Findex.php%3Fi%3D5&c=entry&id=2189&ticket=6542_1531451328&do=det
亿亿贷,http://app.yiyidai123.com/cr/VwW1v?deviceIdTurn=c-OCusu90529031525568
牛仔贷,http://app.niuqiandai.cn/cr/p0EWf?deviceIdTurn=c-A7cyF90529222158759
极速贷,http://app.jisudai88.com/cr/Zn1bR?deviceIdTurn=c-ThQ8r90529123254478
招银普惠系列,
金茶杯,http://riot.heimanb.com/h5/tj/index22.html?v=0.05720376821845352
金来购系列,
银口袋,http://ykd.52xads.com/static/download.html?show=1&agentid=2404312
招财宝系列,
招财宝,https://daoliu-zhaocaibao.luzuang.com/download.html
万利普惠,https://daoliu.jhjy.hongyds.com/download.html
秒秒贷系列,
易用钱包,http://channel.k5873.com//index.html?channel=ch1
秒秒贷,http://channel.gpbucks.com//index.html?channel=guoting3
闪到,http://channelsd.gpbucks.com//index.html?channel=zhimiadadadfdffd1S
借借,http://channeljj.gpbucks.com//index.html?channel=xiaotangxiakuanwang1uv
花花档系列,
小虎牙,http://api.66xhy.com/h5/register.html?channelCode=dqq1
钱来,https://qianlai-api.wuhuyinyuan.com/h5/FTH5/register.html?channelCode=xdc
金猪招财,https://jinzhuguan-api.wuhuyinyuan.com/h5/FTH5/register.html?channelCode=xdc
金钱包,https://jinqianbao-api.wuhuyinyuan.com/h5/FTH5/register.html?channelCode=xdc
默默花钱系列,
沈万三系列,
七号钱包,http://llq-tg.tichop.cn/html5/r.html?code=yQJg
风火轮,https://fhlh5.51dongxuan.com/?channel_id=23&t=1559079717000
小黄豆,http://xhd-tg.tichop.cn/html5/r.html?code=bfIm
阿猫钱包,http://ht.daynoon.cn/html5/r.html?code=J9AA
新马系列,
花米呗,http://h5.hbhlbe.cn/register/huamibei.html?origin=JAIhIRg
小猪优钱,http://h5.hbhlbe.cn/register/guide_xiaozhuyouqian.html
易到花,https://h5.hello686.com/register/yidaohua.html?origin=4HSylDG
优惠花,https://h5.hello686.com/register/youhuihua.html?origin=BXA4k1M
猪福钱包,http://h5.hbhlbe.cn/register/zhufuqianbao.html?origin=FxBnBAL
惠借,https://h5.diandi.jinxfu.com/register/huijie.html?origin=/PJu+ynNIWw=
点滴易借,http://h5.diandi.musibag.cn/register/guide_mx.html?origin=8
时代富卡,http://h5.hbhlbe.cn/register/shidaifuka.html?origin=aUIQKSf
四海钱包系列,
牛板筋,http://nbj.shanjieniuren.com/html/qudao/index.html?channelName=guojian2
享梦口袋,http://112.124.202.6:8082/html/qudao/index.html?channelName=xinlang
365信用宝,http://365xyb.72xa.com/html/qudao/index.html?channelName=taiwan2
顺丰服务,http://sffw.sfdx168.com/html/qudao/index.html?channelName=agou003
钱咖,http://qk.51xingdai.com/html/qudao/index.html?channelName=aps444-260
小金牛,http://xjn.tiansheng.store/html/qudao/index.html?channelName=s4
秒速,http://47.97.250.51:8082/html/qudao/index.html?channelName=caolei
抖银系列,
利好钱包,http://www.dlgcjd.cn/registerh5/#/reg?platform=15
金麦穗,http://tl1.lrurl.cn/registerh5/#/reg?platform=uk
无忧借,http://www.wuyoujie.com.cn/registerh5/#/reg?platform=beijing2
千斤顶,http://www.qjd666.com/registerh5/#/reg?platform=yongge001
惠贷钱包,http://www.baoyu888888.com/registerh5/#/reg?platform=TRJBB
金口袋,http://www.yuejie8.com/registerh5/#/reg?platform=013
抱金砖系列,
阿丽塔,https://alth5.newdxdy.com/?channel_id=35&t=1558515794000
金旋风,https://jxfh5.newdxdy.com/?channel_id=31&t=1558148835000
满天星,https://mtxh5.newdxdy.com/?channel_id=80&t=1558150126000
仙女座,https://xnzh5.51lilong.com/download.html
艾洛维,https://alwh5.51dongxuan.com/?channel_id=114&t=1557226531000
阿尔法,https://aefh5.51hengze.com/?channel_id=53&t=1559085664000
风火轮,https://fhlh5.51dongxuan.com/?channel_id=14&t=1556432452000
好收成,https://hsch5.51luorui.com/?channel_id=4&t=1555661882000
及时雨,https://jsyh5.newjunze.com/?channel_id=2&t=1555661874000
搜狐易贷系列,
搜狐易贷,http://shydzc.jiebaoai.com/?channel=cps118&deviceId=wEIEgp4vuJ0X
佩奇口袋,http://peiqizc.alifenqi.com/mobile/public/register?channel=45&deviceId=zlFhHhm18gHE
大熊钱包,http://dxqbzc.newhopeai.com/?channel=ht01&deviceId=2sp7MKyHhTqC
金马易贷,http://jmydzc.goldeasy.vip/?channel=xh&deviceId=RpLXRXIo88ee
人人好信系列,
西瓜金融,http://xgjrshare.maozhi6.com/extend/index?source=eW91cWlhbjAwMDM=
咏春花,http://ychsbd.gzkefen.com/extend/index?source=ychsuisd
聚花香,http://jhxshare.gzkefen.com/extend/index?source=jhxlil2
淘米,http://tmshare.qianwan3855.net/extend/index?source=oos8887fai8
富盈钱包,http://fyshare.fyadminab.com/extend/index?source=lll16
江南一贷,http://jnydshare.51zd.top/extend/index?source=x1
心花怒放,http://xhnfshare.youjiuhua.vip/extend/index?source=mmi3
掌鑫花,http://zxhshare.kfsmaff.com/extend/index?source=YILIB
超金贷,https://www.miaochujie.com/extend/index?source=dh_07
麒麟分期系列,
小皇冠,https://api.aomacsi.cn/user-service/reg.html?channel=CUzh6wVZRpVH9yiZv75HLw
芝芝周转,https://api.gu31r.cn/user-service/reg.html?channel=8PftrhE9d60&opt=snqyB7G90GBRYie_HQni8M0Zhjv4BooU
北斗七薪,https://api.286im.com/user-service/reg.html?channel=DZNkqY0VBRM&opt=GChPQlJD3YCYbXQS_DmtuToA6qTIPybl
天马流薪,https://api.1html1.com/user-service/reg.html?channel=ztAgvvgqmbthZAK12FjiKA&opt=3QcRZDnq1TUIix7aFfwCfYmjVHA2Trun
菠萝分期,https://api.kaiseer.cn/user-service/reg.html?channel=-o_dn3Xt1W76FqZSfjizmw
小银花,https://api.mingrihuafd.com/user-service/rec.html?channel=WZ2
宝宝分期,https://api.5banana.cn/user-service/reg.html?channel=qiankun##from=4b7af606d3d44de
麒麟分期,https://api.duomy.cn/user-service/simple_reg.html?channel=85sQ3IXJAfI&opt=wmAjutPyRMQ4E1m47E3ZqJSuZeFInzTh
薪花怒放,https://api.trishu.com/user-service/reg.html?channel=SPmURNRY20c&opt=mgXiqlGo341m1xxjyJ74yEgsgBrKQxEs
奇乐现金,https://money.qilefenqi.com/user-service/register.html?channel=dhyx
橙易贷,https://api.nu91f.cn/user-service/reg.html?channel=YJGiJF-MSio&opt=YQHjU5gPX9jlWcPJUhaLVLHpqtyXUcMx
多多豆金系列,
只享花,http://m.mlink.ren/index.aspx?code=MjU=&source_tag=OQ==
祥云钱包,http://m.htds666.cn/index.aspx?code=Mjc=&source_tag=MQ==
大大钱包,http://ddqb.luobokoudai.com/index.aspx?code=Mjg=&source_tag=MTAx
诚要金,http://cyj.credit.buyem.cn/credit-user/register-web?source_tag=252
现金小站,http://h5.jianbingbaika.com/index.aspx?code=MzY=&source_tag=MTY=
包下款,http://bxk.renxinbao.cn/index.aspx?code=MjY=&source_tag=MQ==
魔方钱包,http://mfqb.blackmofang.com/index.aspx?code=NDQ=&source_tag=Mg==
吃猪大吉系列,
51花,https://gw.xjxmxjxq.com:4430/h5/register/51hua/1/?spreadCode=VATv3xFSQf%2FN%2B0i8kvRtNQ%3D%3D
山羊,https://gw.xjxmtop.com:4430/h5/register/sy/1/?spreadCode=CzzRgLJeiU273ds9Vait4A%3D%3D
栀子花,https://gw.91zhizihua.com:4430/h5/register/zzh/3/?spreadCode=cWQxcash-zzh
吃猪大吉,https://gw.hengniushuzi.com/h5/register/pig/2/?spreadCode=j6hdYfaY92JAP2aOqtwz6Q%3D%3D
兜兜白条系列,
宝来掌柜,https://blqg.lengxiaomo.cn/m.html#/landpage-third?channel_code=bibi3
小贝钱包,http://api.lzh2010.com/m.html#/landpage-third?channel_code=bibi3
玖玖掌柜,https://jjzg.mujhnblg.cn/m.html#/landpage-third?channel_code=bibi3
企鹅卡包,https://qeqb.duoketui.com/m.html#/landpage-third?channel_code=sudai01
鲨鱼钱包,https://shayu.yiqizhixiao.com/m.html#/landpage-third?channel_code=00006
钱币币,https://qbb.wzdsa.com/m.html#/landpage-third?channel_code=a097
天宫钱庄,https://tian.wnoja.cn/m.html#/landpage-third?channel_code=chaohdkxn7291&third=1
小白花,https://www.hnhabp.cn/m.html#/landpage-third?channel_code=chaohdkxn7291&third=1
红八钱包,https://www.ylsjz.cn/m.html#/landpage-third?channel_code=092kk2221&third=1
喇叭花,http://lbh-api.nn1n.com/m.html#/landpage-third?channel_code=yongdlb
木木分期,https://mumu.shunbenev.com/m.html#/landpage-third?channel_code=chaohdkxn7291&third=1
大白兔,http://dbt.chaofandz.cn/m.html#/landpage-third?channel_code=xiatian01
旺旺白条,https://www.ijiabest.cn/m.html#/landpage-third?channel_code=yqb111
牵牛花,http://qnh-api.zbetter.com/m.html#/landpage-third?channel_code=feng1
野马钱包,http://ym-api.sshicity.com/m.html#/landpage-third?channel_code=linlin1
开心拿,https://www.zyltz.cn/m.html#/landpage-third?channel_code=chaohdkxn7291&third=1
盒马应急系列,
盒马应急,http://www.hemayj.com/
花不缺,http://www.hbuque.com/view/extension/index.html?referralCode=14226651
玖一黑卡,http://www.91heik.com/view/91heika_tg/index.html?referralCode=16687868
信亿花系列,
金马乐购,https://tth.ahoushun.com/ExtensionLink/Register102/500476b6-b42c-496d-a2eb-844bfbb27600
莲花借款,https://lhjkapi.ahxinyuwangluo.com/h5/register.html?id=7f1e03c4-1b78-4d9d-aac5-99c041e20f9b
小额花,https://tg.huatingwangluo.com/ExtensionLink/Register110/632f90c4-02dd-4e38-9b30-1f51f788349f
妥妥有钱系列,
至上钱包,http://47.99.228.6:8008/channel/login2.html?channel=lym1
金猪钱潮,http://101.37.103.5:8008/channel/login2.html?channel=lhanbao10s
永乐宝,http://change.ideaburse.com/user/register.html?pagenumber=39614
胖胖有钱,http://47.111.62.29:8008/channel/login2.html?channel=lbdzhxy223
钱鲤生花,http://120.55.146.203:8008/channel/login2.html?channel=ltang10
吉娃娃,http://114.55.200.62:8008/tt008/channel/login2.html?channel=ls
薪月钱包,http://114.55.200.62:8008/tt009/channel/login2.html?channel=laocaiS17
双鱼座,http://118.178.199.152:8008/channel/login2.html?channel=lfjsy06
优信金服,http://114.55.200.62:8008/tt025/channel/login2.html?channel=lwyf45
小钞优贷,http://114.55.200.62:8008/tt029/channel/login2.html?channel=lYQSCSS12Q
灰太狼,http://47.110.222.201:8008/channel/login2.html?channel=lyqj001
超级管道工,http://tt.yixianghua.net/channel/login2.html?channel=lwj5
动物系列,
金蔷薇,http://t.cn/E9tMHWv
米乐花,https://mgr.smallhaiou.com/llz/r.html?chnl=6a%60%60a
金钱树系列,
梦想金卡,http://h5.youxinjk.com/35?t=8De25ML4
光速时贷,http://h5.youxinjk.com/35?t=vXlmAX6Y
周周来用系列,
泡泡糖,https://ppt.yixianghua.net/register/?channel=l4
节节高,https://jjg.lvxiu8.com/register/?channel=S280-xigua
浪里花系列,
大金主,http://djz-cash.cameinda.com/r/spreadEnroll.html?source=cash&spreadCode=td
栀子花系列,
玉如意,http://bhvwa.cn/index/niubiwangshang/geturl/uuid/9c22b71a-37aa-49e8-8f34-045f2c5fcc7d/tag/65083483.html
橘子e卡系列,
小胖墩,http://tg.asbdq17.cn/www/register/fatty/index.html?id=W5AB6KZYQ5622CYW
大秋葵,http://tg.ei67m.cn/www/register/gumbo/index.html?id=4MJODNRZYBQ5KC84
全季钱包,http://tg.smjddm.cn/www/register/quanjiwallet/index.html?id=WXRXO6BVLJ23OIOW
车厘子,http://tg.tzion.cn/www/register/qianzujin/index.html?id=4GPM7JR93R9OOSA4
魔力小花,http://tg.shei7789.cn/www/register/magicflower/index.html?id=EA2J53RGYV65PSQE
谊借宝,http://tg.iuzo2.cn/www/register/shopkeeper/index.html?id=WPJBOYN7Q3VP20YW
转运猪,http://tg.nmmdyw.cn/www/register/transitpigs/index.html?id=ENJ5Y9RBA2JGYTYW
帮帮龙,http://tg.stmmtmm.cn/www/register/bigwinner/index.html?id=4KMYNJRO95YNDHME
发财钱包,http://tg.4y6jk.cn/www/register/richwallet/index.html?id=W29OZKANQYQ8Z1BE
吉祥宝,http://tg.ei67m.cn/www/register/auspice/index.html?id=48NDRK75Z26G9CDW
壹点点,http://tg.stmmtmm.cn/www/register/alittlebit/index.html?id=W3D58KO9QARLPCX4
信誉当铺,http://tg.lu12h.cn/www/register/creditwallet/index.html?id=W29OZKANQAY32UJE
火机钱包,http://tg.4y6jk.cn/www/register/turkeywallet/index.html?id=4R7KZODPRXB83TL4
环保袋,http://tg.smjddm.cn/www/register/huanbaobag/index.html?id=EQ6R5AG3QPDK5TDE
响指分期,http://tg.nmmdyw.cn/www/register/finger/index.html?id=4D2MPJKV3GLPBSB4
人人借呗,http://tg.smjddm.cn/www/register/renrenborrow/index.html?id=W7598K2OQB6LNFOE
夜明珠,http://tg.asbdq17.cn/www/register/yemingpig/index.html?id=EQ6R5AG3QPDK5TDE
黄苹果,http://tg.4y6jk.cn/www/register/littleapple/index.html?id=4D2MPJKV3GDNKIA4
快拿钱,https://h5.51bjxy.com/knqland/1?tag=h5-lsyj-knq&source=100
小樱桃,http://tg.dbyv.cn/www/register/cherry/index.html?id=WVRXY256VMRBQFN4
茶壶,http://tg.stmmtmm.cn/www/register/teapot/index.html?id=499Y8P3ZR768XIN4
零用花花系列,
古铜贷,http://www.awallets.com/h5/redirect/show.html?&partnerTag=760c096c67c145388d9108eb023ee611&channelId=duanxinjudao&partnerId=38&partnerName=%E5%8F%A4%E9%93%9C%E8%B4%B7
希旺花,https://h5.taohang123.com/h5/1?t=5ceb576d9fafb
花果山,http://www.new.hzksld.com/h5-new/#/partner21/loan?channelId=tianjigo&partnerTag=cb4c620ef2884191895bf6a3ee9c14e8
荣耀金服,http://www.hs.hndbtop.com/h5/partner48/channel7.html?channelId=ceshi6699&partnerTag=93cb19b8f208423f8c22ff2a0c427fe7
大板栗,http://www.apluswiki.com/h5/partner40/channel7.html?channelId=maomao11&partnerTag=3f57eda2c08445febc9998ac5b799187
好易花,http://www.awallets.com/h5/redirect/show.html?&partnerTag=f16d88d5f68247aa8060b0b90ba3fc13&channelId=nice3&partnerId=32&partnerName=%E5%A5%BD%E6%98%93%E8%8A%B1
向日葵,http://www.hs.awallets.com/h5/redirect/show.html?&partnerTag=e82696593880471a8937fcbc75777f52&channelId=duanxin123&partnerId=43&partnerName=%E5%90%91%E6%97%A5%E8%91%B5
你的钱包,http://www.hs.awallets.com/h5/redirect/show.html?&partnerTag=5ffabd06e693491681f2382f721a23ad&channelId=guyili&partnerId=35&partnerName=%E4%BD%A0%E7%9A%84%E9%92%B1%E5%8C%85
大西瓜,http://www.aplusvip.aplus668.com/h5/redirect/show.html?partnerTag=99742fa29ce1482999595df3945048f6&channelId=mao99&partnerId=1&partnerName=%E5%A4%A7%E8%A5%BF%E7%93%9C&from=groupmessage&isappinstalled=0
口袋花,http://www.hs.awallets.com/h5/redirect/show.html?&partnerTag=432d3686da074d4c8420557f9ffae62c&channelId=K1&partnerId=36&partnerName=%E5%8F%A3%E8%A2%8B%E8%8A%B1
马里奥,http://www.maliao.saierdashi.com/h5/partner50/channel7.html?channelId=gaoyou3&partnerTag=7ac80c9c61a54201a29cae1df0a0be2c
橘子贷系列,
草莓钱包,http://loan.jydhsdr.cn/user_register?admin_id=168&umstat=sp01jhgfc
考拉快花,http://loan.songei.cn/user_register?admin_id=148&umstat=fa001f
红豆钱包,http://loan.binli04.com/user_register?admin_id=153&umstat=liang006
有米借,http://loan.sh-flsy.cn/user_register?admin_id=151&umstat=008
如意钱包系列,
快来米,https://share.jiuyaowanka.com/kuailaimi/register6.html?td_channelid=119988
融易贷,https://share.rongyidai.tech/register5.html?td_channelid=YS021
七星分期,https://share.jiuyaowanka.com/qixingdai/download.html
一点钱包系列,
秒花钱,http://yidian.bhuidai.com/wap/v1/anon/h5/page?channel=3041
蓝精灵钱包,http://baihui.bhuidai.com/wap/v1/anon/h5/page
顺豪金融,http://haoshun.youdaikeji.com/wap/v1/anon/h5/page
一点钱包,http://h5.bhuidai.com/
百香果系列,
元宝通,http://pop.yuanbaotong15.com/h5/register.html?1EBFA1F59E
信用宝贝,http://pop.jinyinhua168.com/h5/register.html?710AF09C98
三国金服,http://pop.sanguojinfu.com/h5/register.html?9CA6CC358F
小黄鱼,http://pop.xiaohuangyu18.com/h5/register.html?06BBF24607
棉带花,http://pop.jindaihua36.com/h5/register.html?640E8F493A
小花掌柜,http://pop.shunxin667.com/h5/register.html?6648CFB390
欢享钱包,http://pop.tk9a.com/h5/register.html?D90A1011D7
金胖胖,http://pop.jinpangpang96.com/h5/register.html?84A4A8C8D7
顺速贷,http://pop.shunsudai71.com/h5/register.html?B4B8663A0B
现金转转系列,
点秒通,http://data.dsxservice.com:8888/html_dmt/regist/app.html
小猪花,https://channel.anancash.com:8878/html_xzh/regist/app.html
点就到,http://data.dsxservice.com:8888/html_djd/regist/app.html?code=yund01
聚贝钱包系列,
特好借,http://tehaojie.zhulidao.com/v1/channel/Y8QJP4
糯米钱包,http://xiaoyao.zhulidao.com/v1/channel/I85RNS
聚财钱包,http://jucai.zhulidao.com/v1/channel/5SM9TK
战神金服,http://zhanshen.zhulidao.com/v1/channel/F139UG
谷粒钱包,http://guliqianbao.zhulidao.com/v1/channel/2EAFX3
一秒贷,http://yimiaodai.zhulidao.com/v1/channel/GDX0WS
猪猪宝,http://zhuzhubao.zhulidao.com/v1/channel/E0STZJ
多盈宝,http://duoyingbao.zhulidao.com/v1/channel/1JV46X
龙凤宝系列,
龙凤宝,https://nanfeng.cloudmloan.com/index.html?channelCode=xiaokeai1
金融鱼,https://jinrongyu.cloudmloan.com/share4.html?channelCode=lu21
正乾,https://zhengqian.cloudmloan.com/index.html?channelCode=zq111
极速有钱,https://jisuyouqian.cloudmloan.com/index.html?channelCode=lu1
东海贷王,https://donghaidaiwang.cloudmloan.com/index.html?channelCode=chaorendai1
融信,https://rongxin.cloudmloan.com/index.html?channelCode=k44
益钱宝,https://qianyibao.fsdanyihua.com/index.html?channelCode=k1
易支付,https://yizhifu.cloudmloan.com/index.html?channelCode=51&cckjToken=9304c006b443dee88df08f3f11f68c07d4396ef67bf4ec753948746e6f700d87
飞扬钱包,https://feiyang.665fao.com/index.html?channelCode=xia6
私房钱,https://51sfq.cn/index.html?channelCode=XZ2
花花世界系列,
薪火燎原,http://m.altamd.com/shareRegister.html?channel=lbwd
财花横溢,http://m.kinwah.com/shareRegister.html?channel=lbeu01
永新金库,http://m.yxjk2019.com/shareRegister.html?channel=ZZ005plkijuhy
天王巨薪,http://m.350783.com/shareRegister.html?channel=lbsr1
喜洋洋,http://m.aixinyubao.com/shareRegister.html?channel=27
兜兜有钱,http://m.xinshunde.cn/shareRegister.html?channel=QC2
财到大便,http://m.caidaodb.com/shareRegister.html?channel=xnjj2
米金豆,http://m.kejiaa.com/shareRegister.html?channel=LINHAO001LKJU
开心麻花,http://m.sjshhhs.com.cn/shareRegister.html?channel=XIGUAJIEKUAN
超级快,http://m.jzhudai.com/shareRegister.html?channel=QCD234
铜小铺系列,
大吉钱包,http://show-djqb.zjjswl.cn/login?inviteCode=M3a7ja#/
禾禾钱包,https://show.58yichang.com/login?inviteCode=dTXwVn#/
每周花,http://mzh-show.bhuidai.com/login?inviteCode=Z5YpNI#/
金猪钱袋,http://show.dipusen.cn/login?inviteCode=oGyccL#/
吉盛钱包,http://show.zjjswl.cn/login?inviteCode=zfeiM2#/
喜来贷,https://show.tieding8.com/login?inviteCode=Ni4XIK#/
开鑫花,https://show.kaixinhua8.cn/login?inviteCode=UIf9qt#/
每日花,http://mrh-show.bhuidai.com/login?inviteCode=6rOqdE#/
有钱进,http://show.mywanyou.com/login?inviteCode=Qqlt8d#/
铜小铺,http://show.rocketzz.cn/login?inviteCode=n3AU0u#/
花花掌柜系列,
花花掌柜,http://hhzhanggui.6699xt.com/register/html/1/index.html?channel=MTE=
掏飘飘,http://taopiaopiao.6699xt.com/register/html/2/index.html?channel=NDE=
好享贷,http://211.149.174.222/register/html/1/index.html?channel=0XuvNlipCqtv
可可钱包,http://kekeqianbao.6699xt.com/register/html/2/index.html?channel=gHP9OAzwDf1qxA
财团驾到,http://caituan.6699xt.com/register/html/1/index.html?channel=0XuvNlipCqtv
心愿贷,http://xinyuandai.6699xt.com/register/html/3/index.html?channel=g3f9NgusCv1u
蚂蚁小贷,http://mayixiaodai.6699xt.com/register/html/2/index.html?channel=hHasZFn+WaduxA
富贵猪系列,
包无忧,http://api.etaituo.cn/h5/invite.jsp?channelCode=yidongqianzhuang
米小二,http://api.twiru.cn/h5/invite.jsp?channelCode=1S637S
趣花贷,http://api.wscard.cn/h5/invite.jsp?channelCode=chenyuxin
万民钱包,http://47.89.14.144:8080/h5/invite.jsp?channelCode=120
量子钱包,http://api.dicebag.cn/h5/invite.jsp?channelCode=sudu1
富贵猪,http://api.mentuku.cn/h5/invite.jsp?channelCode=pqd4
航海王,http://hanghaiwangapi.zbetter.com/h5/reg.html?channelcode=sun
顺财道,http://api.mattorinber.cn/h5/invite.jsp?channelCode=WgTYym
借花贷,http://api2.wscard.cn/h5/invite.jsp?channelCode=dddd6
钱如意,http://api.shoujzixun.cn/h5/invite.jsp?channelCode=QELoga
一点来,http://api.monitorweb.cn/h5/invite.jsp?channelCode=snNsql
小宝贝系列,
钱猪崽,https://qianzhuzai.feixiang2018.com/activity/wx20190301/index.html?hfrom=an01&tokenId=f671506d-9bcd-4a3f-9ad5-4b015bac1754
前任,https://pd.qianrenwpb.com/activity/wx20190301/index.html?hfrom=qitiandashengyi&tokenId=b78511e5-fb89-4227-8237-9a92c52df87d
小海豚,https://xht.huahuahudie.com/activity/wx20190301/index.html?hfrom=fanfan3&tokenId=94a73f9b-f04d-4161-b97f-75eb00db5feb
降妖除魔系列,
随便花花,http://101.132.44.196/active/html/new.html?method=w129
小红帽,http://39.104.128.68/active/html/code.html
人人金贷系列,
九都金贷,https://app.shh.ac.cn/app/h5/r/index.html?v=jdjd&source=cupd
莲花贷,https://app.shh.ac.cn/app/h5/r/index.html?v=lhd&source=xlkl
头条贷,https://app.shh.ac.cn/app/h5/r/index.html?v=ttdv2&source=uwso
小米贷,https://app.shh.ac.cn/app/h5/r/index.html?v=xmdv2&source=wy26
蚂蚁贷,https://app.shh.ac.cn/app/h5/r/index.html?v=myd&source=xg0k
人人金贷,https://app.shh.ac.cn/app/h5/r/index.html?v=rrjd&source=b6mo
九龙金贷,https://app.shh.ac.cn/app/h5/r/index.html?v=rbjd&source=ejpe
大圣系列,
马上花,https://qd.hhtred.cn/h5/register/index.html?channelId=3c55ff8d83eafdd2
舔狗应急,http://api.tiangoujy.com/h5/register/index.html?channelId=8d2c0a28da938749
哈罗花,http://hlh.chengd.vip/hs/api/v1/indexPage?channelId=87&sign=4a2e4b73e6f25ed0b7821066abfb1bc4
黑白金卡,http://hjbk.chengd.vip/hs/api/v1/indexPage?channelId=97&sign=cbbfee7a5d7e971667cea75b4b0088c2
花米钱包,http://api.mensu4.cn/h5/register/index.html?channelId=a7c71b04d74239cc
金丞相,http://api.xsjmb.cn/h5/register/index.html?channelId=e9dcde563b8e161e
东方汇,http://api.shidaihua.design/h5/register/index.html?channelId=61240f03408a5396
随付钱包,http://api.wxadev.cn/h5/register/index.html?channelId=96f2db1d374594d9
二哈钱包,https://qd.ybssbss.cn/h5/register/index.html?channelId=2c2fc1c3f2713764
金花花,http://api.kboos.cn/h5/register/index.html?channelId=8b410ce586686a2b
斗牛钱包,https://qd.yybjsti.cn/h5/register/index.html?channelId=0169c9b181f28d5b
闪电飞猪,http://sdfz.chengd.vip/hs/api/v1/indexPage?channelId=80&sign=c925bb875def7605f47ec32733a30e86
佩奇萌宝,http://api.wudiwd.cn/h5/register/index.html?channelId=e285ed4b4e0ffe87
旺旺救援,http://api.naserh.cn/h5/register/index.html?channelId=735a7bd4867f80bc
我爱花,http://qd.whqtd.cn/h5/register/index.html?channelId=49edb1765ae303bf
牛二钱包,http://neqb.cylyr.com/h5/register/index.html?channelId=1123
极速荷包系列,
周必下,https://zbx.wzbaiming.com/newh5/web/page/jshbreg?source=anan1
花千鼓,https://www.wzshipu.com/newh5/web/page/jshbreg
聚U借,https://juj-app.lizhannet.com/newh5/web/html/register/register.html
小马钱包,http://xmqbapp.sudaiboshi.com/h5/web/register/landing-page3.html
秒到账,http://www.zjhzweibuluo.net/newh5/web/page/jshbreg?source_tag
猪八戒应急系列,
789钱包,http://789qb2.789yingji.com/html5/r.html?code=D9JB
叮当应急,http://ddyj2.dai8848.com/html5/r.html?code=VO09&from=singlemessage&isappinstalled=0
猪八戒应急,http://zbj2.dai8848.com/html5/r.html?code=j8uM
小象钱包系列,
易速宝,http://cashloan.kuaixianghua.com:8080/h5/reg-step.jsp
小螃蟹,https://api.xinxinch.com/h5/invite.jsp?invitationCode=null&channelCode=98
皮小花,http://47.103.69.119/h5/pixiaohua/register.html?channelCode=chend4
诸葛钱包,http://api.rzfne.cn//zhugeqb/h5/invite.jsp?channelCode=xhy
开心麻花,http://kxmh.wabikan.cn/h5/register.html?invite_code=MTQw&user_from=3fb0d06c1dbd471
和天下,http://api.xjdcf.cn//hetianxia/h5/invite.jsp?channelCode=xin
贝贝花,https://apibeibeihua.cardskip.com/h5/invite.jsp?channelCode=029
旺多借,http://api.swandd.com/swandd/wangwang/h5/index.html?channelCode=hhd01
米兰钱包,http://47.91.215.181:8080/h5/invite_milan.jsp?channelCode=geziaaa
猪猪贷,http://47.102.203.60:8080/baixinqianbao/h5/invite.jsp?channelCode=814210
快米钱庄,http://47.244.189.53:8080/h5/invite_kuaimi.jsp?channelCode=gezi1
用了么,http://ylm.rssddz.cn/h5/invite.jsp?channelCode=1122
暴发户,https://www.baohuahu.cn/baohuahu/h5/invite.jsp?channelCode=myzrUDYOB7WXZpdQ
叮当猫,http://ddm.lv76b.cn:8080/h5/invite.jsp?channelCode=dx
万花贷,https://d7api.yaoqdai.com/h5/index.jsp?channelCode=bage1
随心用系列,
易借中心,http://yjzx.51xinyongzhongxin.com/?channelName=45c48cce2e2d7fbdea1afc51c7c6ad26
小钱包,http://xqb.westernlink.com.cn/?channelName=73278a4a86960eeb576a8fd4c9ec6997
融易富,http://ryf.wo310.cn/?channelName=a97da629b098b75c294dffdc3e463904
忧乐花,http://ylh.uvlai.cn/?channelName=8613985ec49eb8f757ae6439e879bb2a
钱先生,http://qxs.bacng.cn/?channelName=1c383cd30b7c298ab50293adfecb7b18
一号钱庄系列,
普惠金服,http://phjf.f34p1x.com/h5/register.html?invite_code=NQ==&user_from=72cb2f711f434e0
58易贷,http://58yd.i8366d.cn/h5/register.html?invite_code=Njg2NTk=&user_from=b737c05a8edf47a
魔力花,http://mlh.akxkxm.cn/h5/register.html?invite_code=NTkyNTU=&user_from=028321d76c18426
爆米花,http://bmh.baomihua88.com/h5/register.html?invite_code=Mjk=&user_from=9ba226730f30432
下的快,http://xdk.bleled.cn/h5/register.html?invite_code=MTA4OTQ=&user_from=b8f9e99e9f9c40b
开心花,http://kxh.ya99g.cn/h5/register.html?invite_code=MjA=&user_from=1a7c176d669d4b4
巧克力派,http://qklp.lpdev.xyz/h5/register.html?invite_code=Nzk1MQ==&user_from=03caf156c865491
小飞象,http://xfx.dlwld.cn/h5/register.html?invite_code=MzI0Njg=&user_from=84f96ff8010f4ac
龙牙贷,http://lyd.bi73c.cn/h5/register.html?invite_code=NjI3&user_from=4bbf112e152f4e3
享钱花,http://47.244.4.123/h5/register.html?invite_code=MTg5NQ==&user_from=b9b51304e88249f
万隆钱包,http://wlqb.wmywsq.com/h5/register.html?invite_code=NDQz&user_from=f5b6b512388d4ba
灵活借,http://lhj.tankuan.cn/h5/register.html?invite_code=MzYyMTY=&user_from=241702336a984ac
陛下无忧,http://bxwy.cangyingguan.shop/h5/register.html?invite_code=NjIyNw==&user_from=73e1579ace4f4a1
叮当口袋,http://ddkd.huahengwangluo.cn/h5/register.html?invite_code=MTEzMzY=&user_from=af5d93c611c2452
易佳钱包,http://yjqb.088tdb.cn/h5/register.html?invite_code=MTU=&user_from=76819b8308d44c0
一定有钱,http://ydyq.yechou.ren/h5/register.html?invite_code=MTgxNA==&user_from=32d4e38ca167450
下钱钱,http://xqq.junsang.cn/h5/register.html?invite_code=MTY2NjY=&user_from=aff60fcf402f454
及时雨,http://jsy.yby.red/h5/register.html?invite_code=MTM5MTE=&user_from=04a46e29c83249b
优衣库,http://yyk.54530.cn/h5/register.html?invite_code=NDk3NTI=&user_from=0911ed2c0a174cb
贷点钱,http://ddq.bipipi.cn/h5/register.html?invite_code=NDMxMzM=&user_from=4df7aa80385549b
闪到钱包,http://sdqb.qiamian.cn/h5/register.html?invite_code=MTQxMDU=&user_from=ca2c478bbeb142c
椰子零花,http://yzlh.ciyiyj.cn/h5/register.html?invite_code=NDIzOTU=&user_from=87c9897b18d04f1
789信用贷,http://789xyd.6j11xy.cn/h5/register.html?invite_code=OTAxODM=&user_from=5f26009b6c7848d
钱进来,http://qjl.qianwr.com/h5/register.html?invite_code=NDMw&user_from=198af9a3692e41a
热贷,http://rd.redai188.com/h5/register.html?invite_code=NjczNTU=&user_from=4b7af606d3d44de
阿凡提,http://aft.ffgwfc.xyz/h5/register.html?invite_code=NjM=&user_from=a7ac0cc3b73f4b8
速易借系列,
优先购,http://app.uxiangou.net/About.html?Code=2RV2H6
小象有钱,https://bao.financesd.cn/tui_guang/common?wow=bySUJQ&ident=xiaoyin2
小飞猪,https://bao.financesd.cn/tui_guang/common?wow=HhsLgb&ident=hou6
米口袋,http://admin.npaer.com/tui_guang/common?wow=PUCJiL&ident=071SA0526
钞快借钱,http://admin.jmweidai.com/tui_guang/common?wow=WyXjnk&ident=lxd2
钱柜,http://admin.ucaresh.com.cn/tui_guang/common?wow=OlTQPE&ident=522
橘速贷,http://admin.jsh5.cn/tui_guang/common?wow=eWSUxl&ident=JQBAO
无忧贷,http://admin.wyd88.cn/tui_guang/common?wow=evLkpq&ident=nsall1122
诚信金服,http://admin.51cxjf.cn/tui_guang/common?wow=KzVaJX&ident=SSM
朵朵花,http://admin.suf6.cn/tui_guang/common?wow=CzTLyY&ident=z5
开薪花,http://admin.suf6.cn/tui_guang/common?wow=CzTLyY&ident=z5
花口袋系列,
小山竹,http://register.blhao.cn/register.html?channelName=xunab
好享花,http://share.yinghao88.com/register.html?channelName=daxiduanxinol
蛋蛋借,http://share.qhdcxcy.cn/register.html?channelName=qiqi
大千钱包,http://share.sunqizhou.xin/register.html
现金大人系列,
叮叮应急,http://njjltb.com/ddyj/H5/402fde6746af14dac22a21dcc2016ab7/index.html?channel=baisha01
薪光璀璨,http://altaus.com/xgcc/H5/b0ee7ed0003e4095c072a94ded9ee0a3/index.html?channel=huang0088
跟斗云,http://47.111.51.255:8008/channel/login2.html?channel=lfjgdy5
小蘑菇,http://luoshenwl.com/gtxxmg/H5/16eec84fe71d99c32ef1f940273ecdfc/index.html?channel=xhqb003
薪享事成,http://szwznk08.com/xxsc/H5/8e42f8b546219c9281284e5709ce7825/index.html?channel=xl1
明日之薪,http://031015.com/mrzx/H5/0442f4883aa2031e08cebd120b5acbe6/index.html?channel=zhang4
金凤凰,http://sailei666.cn/jfh/H5/1088f2f93aa85037c814a010b7e52d15/index.html?channel=zz7
宝旺钱包,http://scyz8.com/ylbwqb/H5/44475210817b72b4bcd7724686def8e7/index.html?channel=AX13
速来花,http://hzyijiaxing.com/slh/H5/23dc550c375165753e9a7bb42b9a89e0/index.html?channel=qudaoG29
乐帮花,http://zhishixx.com/lbh/H5/ec8eddce51dd270a986510686e1a0c2f/index.html?channel=qudao24
薪火相传,http://altajp.com/xhxc/H5/e020de17aa103fd63957daf5f8909bc9/index.html?channel=huang00100
来呗,http://lb.hua8wei2018.com/lb/H5/4cdd2527ec196396e337061b7a4c977f/index.html?channel=LV23
金莱花,http://taobaojuan898.com/jlh/H5/dd3d64e07150eaa68850dbccd8dc4772/index.html?channel=xinxin
众薪捧月,http://350723.com/hlhs/H5/a889d4fff9110f8c20fa562a42831ffa/index.html?channel=huang0050
薪连薪,http://yuehuayuele.com/ftxlx/H5/ab767ab015885df214f74f3fc581295d/index.html?channel=zdk14
福薪高照,http://altatn.com/fxgz/H5/ef69ef09869f758d015c3d1dee9ee5df/index.html?channel=xing0014
金猪贺岁,http://okk258.com/jzhs/H5/b27c9e6f20a1b9d2f732e72d9eea56a5/index.html?channel=qudaoB02
掌尚花,http://lwangzhuan.com/zsh/H5/f319701524e1abf51d2cade086be4583/index.html?channel=wenwen
转运花,http://hzmiaokun666.com/zyh/H5/1987f72cacc3afabc89c8dbebfbd4fb7/index.html?channel=ming3
薪享用,http://huigeinfo.com/xxy/H5/acd395257d6c460cb3797836dd2d99ce/index.html?channel=xl30
芝麻有借,http://duolaschool.com/zmyj/H5/32ceea9187c4d41c355f5975029e7b08/index.html?channel=qudao0602
急速金柜,http://szwznk02.com/jsjg/H5/9d0f767e3ce1a179d1fc57438b2fd36d/index.html?channel=beijingS
火力花系列,
信誉汇,https://www.b8e2.top/xy/login.html?agentId=hsjs9qH4fdeKjgHuSQ6KCQ__
火力花,https://www.n1v7.top/h5/login.html?agentId=PF6K0B2sl56DoGC1pDUYEw__
花先生,https://www.szluweida.com/h5/login.html?agentId=Sk1UDbP20GyD1MEhBgS5LQ__
钱包管家系列,
糯米钱包,http://nmqb.h5.genyuanwangluo.com/web/regist.html?channel=ce9f91c504766c6c7b08a37b5752d814?channel=ce9f91c504766c6c7b08a37b5752d814
新东方管家,http://xdf.h5.xindfgj.com/web/regist.html?channel=81d02864d181abfa08bfbbc32a790b51
钱包管家,http://qbgj.h5.yunsougenyuankeji.com/web/regist.html?channel=687f1291e07e638d398bc97191b65c70
秒速贷,http://qbgj.h5.yunsougenyuankeji.com/web/regist.html?channel=47e4df08c419a0af58e372c6fc351ae8
椰子宝,http://yzb.h5.genyuanwangluo.com/web/regist.html?channel=735e7ebb3489251d2ddeca6a0b5d69d4
聚能花,http://jnh.h5.aoahua.com/web/regist.html?channel=e1e1c686d23df5a3bfd188f4b3935566&dc_key=b693ec007328cc5424727bd44f117bf6
数字钱包系列,
借款宝,https://a.shuziqb.com/szqb-h5/user/spreadRegister1.html?shareChannel=APP&inviteCode=MjM1NjA1NQ==&userFrom=551&appName=jkb
取呗黄色,http://qubei.tekuaikeji.com/qubei-h5/user/spreadRegister1.html
小白应急,http://a.xinjiangyongli.cn/szqb-h5/user/spreadRegister1.html?temp=c2hhcmVDaGFubmVsPUFQUCZpbnZpdGVDb2RlPU1qZ3pOVGczTkE9PSZ1c2VyRnJvbT04NjkmYXBwTmFtZT14Ynlq
小金卡,http://xiaojinka.xinjiangyongli.cn/szqb-h5/user/spreadRegister1.html?shareChannel=APP&inviteCode=Mjg5NDcxMQ==&userFrom=932&appName=xjk
泡泡分期系列,
花花钱包,http://hhqb.coocm.com/mobileverification?tar=e0-CdNEZpjVIh_48pfmIZTZhKOEGLW6K
叮咚钱包,http://dong.coocm.com/mobileverification?tar=e0-CdNEZpjUgmxAdQDg7h4d-jjDxZNXy
麦芽糖,https://myt.coocm.com/mobileverification?tar=e0-CdNEZpjUaxvlh47cStcIGqM-XvKlN
西瓜贷系列,
轻松花,http://h5.zhihuixiagu.com/qsh/reg.html?cl=jrbt3
佩佩钱包,http://h5.zhihuixiagu.com/pqd/reg.html?cl=zxc62
钱掌柜,http://h5.zhihuixiagu.com/qzg/reg.html?cl=su001
米莱,http://h5.zhihuixiagu.com/ml/reg.html?cl=21231321
金银贷,http://h5.zhihuixiagu.com/jyd/jydreg.html?cl=zz123
蛋花花系列,
人人借,http://app.nadianqian.com/cr/b1NWg?deviceIdTurn=c-EN3Sv90529033644464
珊瑚,http://veru.myshanhu.com/p6n/#/6494e93d6cccb0c2?source=4072xbl
秒花借,http://w.miaohuajie.com/fsacxf/#/v6e839020c7088d?source=4047jl
海马,http://qgxb.haimaya.com/c3yd/#/411ea370b8570fe9?source=4021dkw
烈焰,http://fvek.lieyanly.com/fvek/#/uisjydbc?source=4048jl
胶贷,http://xjc.jiaodaijd.com/wpg5/#/fBeEqC?source=
财管家,http://dkzf.icgjia.com/u3d/#/3dd80cdb9030cd61?source=3952ydw
香蕉记,https://dhh-web-app.jindanfenqi.com/html/activity/register/registerA.html?channelCode=ml_yckj
小松鼠,https://x.daogoujd.com/h5-process/#/XiaosongshuLogin?source=2738
小金盒,https://m.ixjhe.com/h5-process/#/xiaojinheLogin?source=3727skzj
白金口袋,http://rfo.bjkdai.com/hkpg/#/c8fdbd2c1e0a6509?source=3843jgq
幸运花,https://xyh.daogoujd.com/h5-process/#/xingyunhuaLogin?source=3316
速借款,https://m.sjiekuan.com/sjk/#/sujiekuanLogin?source=
快用钱,http://rfo.bjkdai.com/hkpg/#/
玫瑰花,https://m.imghua.com/h5-process/#/roseLogin?source=3471
花生米,https://m.ihuasmi.com/h5-process/#/peanutlogin?source=3375
海带,https://m.haidaihd.com/h5-process/#/haidaiLogin?source=3666
龙猫财富,https://lmcf.daogoujd.com/h5-process/#/login2down/Longmaocaifu/login?source=3524
任性花,https://m.irxhua.com/h5-process/#/headstronglogin?source=3624dkw
金即到系列,
小黄蜂,https://m.wallet888.cn/apps/3DAN/0NLEZH/1557542892652
来赢宝,https://mlyingb.laiybao.com/apps/TUO0/54UISX/1557117758794
浪里花,https://m.langnihua.com/apps/S3AF/1559027683041
时秒贷系列,
时秒贷,http://smd.zwqlcm.com/download.html
急速贷,http://xloqqh.697yx.com/?source=zzEVL&from=singlemessage&isappinstalled=0
便捷用,http://nctec.697yx.com/?source=lb17f&from=singlemessage&isappinstalled=0
随意拿系列,
一米西,http://app.51yimixi.com//register?code=436980ee7020a09daf7d5897061ee5e7
小白羊,http://app2.syn666.com//register?code=8be3c4c8d7973eb7d952d280b267ddcb
随意拿,http://app.syn666.com//register?code=789a1d52480e4a48fcfc8c742285fe30
百合花,http://app.52bhh.com//register?code=8be3c4c8d7973eb7d952d280b267ddcb
星期贷系列,
卡路里,http://kll.jy2.site/Register/tuiguang?fi+5aWp90HwCMTnqXuuvYw==
王百万,http://wbw.5117lv.com/Register/tuiguang?yLqoYw1oT+P8awdS1Hupog==
乾坤钱包,http://qkqb.huixuexing.com/Register/tuiguang?hFWPopRSIgy5F4El0Zl8EA==
点到钱包,http://ddqb.cad92185996f2498ba35e3997807904bb.cn-shanghai.alicontainer.com/newh5/web/html/landing-page.html?invite_code=LBR*85&source_tag=20013
51秒垫,http://app.gzzsyao.top/Register/tuiguang?puser=
应急时代系列,
新时贷,http://xinshidai.chachazx.com/xjdH5/register.php?chel_id=50
凯盛救急,http://shengkai.chachazx.com/xjdH5/register.php?chel_id=122
海牛钱包,http://hainiu.chachazx.com/xjdH5/register.php?chel_id=116
直付钱包,http://m.xinxinfan.cn/index.aspx?code=NDU=&source_tag=NjY3NzEyOQ==
富钱包,http://fuqianbao.chachazx.com/xjdH5/register.php?chel_id=72
壹万贷系列,
诸侯贷,http://www.youtoufulian.com/index/index?channel=235ceb8e5767a5c&A=&B=
